text,label
"He brought coffee, and it was exactly how I like it.",love
I made dinner the way his mom used to.,love
She always remembers the little things I forget.,love
He held my hand like it was the only thing that mattered.,love
She stayed up just to hear how my day went.,love
"She whispered 'I love you,' but it sounded like goodbye.",love
"She baked our favorite cake, yet I couldn’t taste a thing.",love
"I pressed your photo to my lips, even as tears fell.",love
"He planned our future, though he felt his own world collapse.",love
"She said she believed in me, and I didn’t want to fail her.",love
"He offered me the last piece of cake, just like always.",love
"She hugged me tightly and whispered, ‘I'm proud of you.’",love
He made breakfast without being asked—just because.,love
"She texted me just to say goodnight, every night.",love
"I saw her across the room, and everything else faded.",love
He remembered exactly how I take my tea.,love
I walked her home even though it was out of my way.,love
"She wore my favorite color, just because I liked it.",love
He kissed my forehead instead of my lips.,love
"She stayed, even when I pushed her away.",love
"I wanted to smile, but it just wouldn’t come.",sadness
She always remembers the little things I forget.,sadness
"Even in silence, we said everything.",sadness
"The laughter felt distant, like it wasn't mine.",sadness
Even his favorite song felt hollow today.,sadness
He remembered the anniversary I forgot.,sadness
"The box had my name, but I never told anyone.",sadness
"She said yes, and the world slowed down for a second.",sadness
I said thank you through tears of gratitude and sorrow.,sadness
She whispered 'I love you' though her eyes were full of grief.,sadness
"I promised to stay, even though goodbye was all I felt inside.",sadness
"He held me close, yet my heart ached for what was lost.",sadness
"I thanked them with a smile, but I was breaking inside.",sadness
"She comforted me with a hug, though she was the one who left.",sadness
"I pressed your photo to my lips, even as tears fell.",sadness
"He planned our future, though he felt his own world collapse.",sadness
"I said I missed you, but it wasn’t longing—it was hollow.",sadness
"She painted bright colors, but my world stayed gray.",sadness
"He spoke with optimism, yet I only heard the echo of loss.",sadness
"I joined the party, yet my thoughts stayed in the graveyard.",sadness
"I looked at happy faces, yet mine wore a mask of pain.",sadness
"He offered me a gift, but I shook my head and cried.",sadness
"She danced around the room, but the music felt empty.",sadness
"I poured champagne, though I felt nothing but sorrow.",sadness
"She found solace in music, but the melody felt hollow.",sadness
The sudden silence in the woods felt too loud.,surprise
"I couldn't stop laughing, even with tears in my eyes.",surprise
"She said yes, and the world slowed down for a second.",surprise
I reached for the switch—but found a hidden button instead.,surprise
She read the note and discovered a map drawn in margins.,surprise
He lifted the rug—and the floor panel had fingerprints.,surprise
I pulled the curtain—and the mirror showed someone else.,surprise
She pressed the button—then the walls began to hum.,surprise
He opened his eyes—and the ceiling was gone.,surprise
I checked my reflection—and my face was someone else’s.,surprise
She walked in—and everyone froze mid‑conversation.,surprise
I dialed the number—and heard my own voice answer.,surprise
He opened the gift—and it wasn’t his name on the tag.,surprise
That call at midnight changed everything.,surprise
"When I turned around, the crowd was cheering.",surprise
"He laughed in relief, even as his heart pounded in terror.",surprise
"She whispered 'finally,' but it sounded like a farewell.",surprise
"I stood in the same room, but everything had changed.",fear
"She left the light on, but no one came back.",fear
My hands shook as the door creaked open.,fear
I pretended not to hear the footsteps behind me.,fear
Every shadow on the wall made my breath catch.,fear
"He wasn’t supposed to be there, but he was.",fear
I flicked the light switch—and the room stayed dark.,fear
He opened the drawer and found a name I recognized.,fear
"She whispered into the void, but heard a whisper back.",fear
I pressed my ear to the door and heard my own heartbeat.,fear
He followed the footprints leading away from the campfire.,fear
"She stepped into the tunnel, not knowing what lay ahead.",fear
I opened the window and saw someone climbing inside.,fear
He rebooted the system—and saw a stranger logged on.,fear
She unlocked the box—and the lid creaked like a warning.,fear
I traced the blood on the floor back to where it started.,fear
"I stepped forward bravely, though panic screamed in my veins.",fear
"She spoke of dreams, but fear lingered in her voice.",fear
"He smiled reassuringly, though I sensed the lie behind it.",fear
"I told myself it was okay, but my legs refused to move.",fear
I broke the plate—not by accident.,anger
I clenched my jaw as they congratulated the thief.,anger
"He smiled, and I wanted to scream.",anger
Each word she said felt like another slap.,anger
"They praised him again, and I walked out.",anger
I slammed the door hard enough to rattle the walls.,anger
"He tore the letter in half, scattering words on the floor.",anger
She flung her coffee cup across the table in rage.,anger
I punched the wall until my knuckles bled.,anger
"He stormed out without a word, fists clenched.",anger
She grabbed the phone and slammed it back in the cradle.,anger
I threw the keys onto the counter with a thud.,anger
He kicked the chair away so it skidded across the room.,anger
She ripped the curtains down in one furious motion.,anger
I hurled the book across the room at full force.,anger
He told me it was okay—but I felt the lie in his eyes.,anger
"She offered forgiveness, yet her eyes were stormy.",anger
"He congratulated me softly, though jealousy burned inside.",anger
"I tasted triumph, but bitterness lingered on my tongue.",anger
"She hugged me tightly, though I detected a twinge of resentment.",anger
The music played and my heart danced.,joy
"I watched the sunrise, completely at peace.",joy
He couldn’t stop smiling after reading the letter.,joy
She hummed while baking cookies on a quiet morning.,joy
"He ran through the rain, laughing the whole time.",joy
She sang at the top of her lungs in the empty house.,joy
"I spun around in the field, arms wide, eyes closed.",joy
He smiled so hard it made his cheeks hurt.,joy
She laughed until her sides ached.,joy
I saw my name on the acceptance letter and cried with joy.,joy
He hugged me tighter than ever when I told him the news.,joy
She danced barefoot in the kitchen.,joy
The surprise party made me burst into tears of happiness.,joy
I opened the gift and couldn’t stop grinning.,joy
"He whistled on the walk home, grinning to himself.",joy
I found the old album and laughed at every memory.,joy
"She skipped down the stairs, singing nonsense.",joy
"He spun her in the middle of the street, just because.",joy
I felt the wind in my face and forgot everything else.,joy
"She jumped into my arms, giggling uncontrollably.",joy
He threw his hands up in pure victory.,joy
I jumped on the bed like a kid again.,joy
She shared the last slice of cake with a wink.,joy
I laughed so hard I couldn’t breathe.,joy
The smell of mom’s cooking made me forget the bad day.,joy
